<?xml version='1.0' encoding='utf-8'?>
<!DOCTYPE hibernate-configuration PUBLIC
        "-//Hibernate/Hibernate Configuration DTD//EN"
        " http://www.hibernate.org/dtd/hibernate-configuration-3.0.dtd">

<hibernate-configuration>

<session-factory>

        <property name="connection.url">jdbc:mysql://localhost:3306/library</property>
        <property name="connection.username">root</property>
        <property name="connection.password">root</property>
        <property name="connection.driver_class">com.mysql.jdbc.Driver</property>
        <property name="dialect">org.hibernate.dialect.MySQL5Dialect</property>

        <property name="show_sql">true</property>

        <property name="format_sql">true</property>
        <property name="hbm2ddl.auto">update</property>



    </session-factory>
</hibernate-configuration>